chromosome,start,end,reference,alternate,type,consequenceTypes,ids,Organism / Assembly,
4,122741953,122741953,T,C,SNV,missense_variant,-,Human/GRCh38,
4,122742008,122742008,T,C,SNV,missense_variant,-,Human/GRCh38,
4,122742032,122742032,G,A,SNV,missense_variant,-,Human/GRCh38,
4,122742104,122742104,A,G,SNV,missense_variant,-,Human/GRCh38,
4,122742154,122742154,C,G,SNV,missense_variant,-,Human/GRCh38,
4,122742223,122742223,A,G,SNV,missense_variant,-,Human/GRCh38,
4,122742226,122742226,A,G,SNV,missense_variant,-,Human/GRCh38,
4,122742247,122742247,G,A,SNV,missense_variant,-,Human/GRCh38,
4,122742270,122742270,G,T,SNV,missense_variant,-,Human/GRCh38,
4,122742301,122742301,A,G,SNV,missense_variant,-,Human/GRCh38,
4,122742353,122742353,G,A,SNV,missense_variant,-,Human/GRCh38,
4,122742394,122742394,G,C,SNV,missense_variant,-,Human/GRCh38,
4,122742410,122742410,T,C,SNV,missense_variant,-,Human/GRCh38,
4,122742467,122742467,G,T,SNV,missense_variant,-,Human/GRCh38,
4,122742606,122742606,T,G,SNV,missense_variant,-,Human/GRCh38,
4,122742611,122742611,C,T,SNV,missense_variant,-,Human/GRCh38,
4,122742677,122742677,C,G,SNV,missense_variant,-,Human/GRCh38,
4,122742679,122742679,T,C,SNV,missense_variant,-,Human/GRCh38,
4,122742715,122742715,T,G,SNV,missense_variant,-,Human/GRCh38,
4,122742819,122742819,G,A,SNV,missense_variant,-,Human/GRCh38,
4,122742826,122742826,A,G,SNV,missense_variant,-,Human/GRCh38,
4,122742869,122742871,CTT,-,DEL,inframe_deletion,-,Human/GRCh38,
4,122742871,122742871,T,A,SNV,missense_variant,-,Human/GRCh38,
4,122742952,122742952,G,A,SNV,missense_variant,-,Human/GRCh38,
4,122742995,122742995,G,A,SNV,missense_variant,-,Human/GRCh38,
4,122743049,122743049,G,A,SNV,missense_variant,-,Human/GRCh38,
4,122743087,122743087,C,T,SNV,missense_variant,-,Human/GRCh38,
4,122743097,122743097,A,G,SNV,missense_variant,-,Human/GRCh38,
4,122743099,122743099,G,A,SNV,missense_variant,-,Human/GRCh38,
4,122743153,122743153,C,A,SNV,missense_variant,-,Human/GRCh38,
4,122743178,122743178,G,C,SNV,missense_variant,-,Human/GRCh38,
4,122743181,122743181,A,G,SNV,missense_variant,-,Human/GRCh38,
4,122743235,122743235,C,T,SNV,missense_variant,-,Human/GRCh38,
4,122743273,122743273,A,C,SNV,missense_variant,-,Human/GRCh38,
4,122743291,122743291,G,A,SNV,missense_variant,-,Human/GRCh38,
4,122743325,122743325,C,T,SNV,missense_variant,-,Human/GRCh38,
4,122743343,122743343,G,A,SNV,missense_variant,-,Human/GRCh38,
4,122743352,122743352,G,A,SNV,missense_variant,-,Human/GRCh38,
4,122743357,122743357,G,A,SNV,missense_variant,-,Human/GRCh38,
4,122743391,122743391,T,C,SNV,missense_variant,-,Human/GRCh38,
4,122743394,122743394,C,T,SNV,missense_variant,-,Human/GRCh38,
4,122743396,122743396,G,T,SNV,missense_variant,-,Human/GRCh38,
4,122743489,122743489,G,A,SNV,missense_variant,-,Human/GRCh38,
4,122743496,122743496,T,C,SNV,missense_variant,-,Human/GRCh38,
4,122743571,122743573,AAG,-,DEL,inframe_deletion,-,Human/GRCh38,
4,122743604,122743604,A,G,SNV,missense_variant,-,Human/GRCh38,
4,122743617,122743617,G,A,SNV,stop_gained,-,Human/GRCh38,
4,122743715,122743715,A,G,SNV,missense_variant,-,Human/GRCh38,
4,122743736,122743736,C,A,SNV,missense_variant,-,Human/GRCh38,
4,122743739,122743739,G,A,SNV,missense_variant,-,Human/GRCh38,
4,122743751,122743751,A,G,SNV,missense_variant,-,Human/GRCh38,
4,122743871,122743871,C,T,SNV,missense_variant,-,Human/GRCh38,
4,122743888,122743888,G,T,SNV,missense_variant,-,Human/GRCh38,
4,122743906,122743906,G,A,SNV,missense_variant,-,Human/GRCh38,
4,122743913,122743913,G,A,SNV,missense_variant,-,Human/GRCh38,
4,122743963,122743963,A,G,SNV,missense_variant,-,Human/GRCh38,
4,122743981,122743981,A,G,SNV,missense_variant,-,Human/GRCh38,
